,country,images_file,image_url,alpha-2,alpha-3,country-code,iso_3166-2,region,sub-region,intermediate-region,region-code,sub-region-code,intermediate-region-code
0,Afghanistan,Flag_of_Afghanistan.svg,https://upload.wikimedia.org/wikipedia/commons/9/9a/Flag_of_Afghanistan.svg,AF,AFG,4,ISO 3166-2:AF,Asia,Southern Asia,,142,34,0
1,Albania,Flag_of_Albania.svg,https://upload.wikimedia.org/wikipedia/commons/3/36/Flag_of_Albania.svg,AL,ALB,8,ISO 3166-2:AL,Europe,Southern Europe,,150,39,0
2,Algeria,Flag_of_Algeria.svg,https://upload.wikimedia.org/wikipedia/commons/7/77/Flag_of_Algeria.svg,DZ,DZA,12,ISO 3166-2:DZ,Africa,Northern Africa,,2,15,0
3,Andorra,Flag_of_Andorra.svg,https://upload.wikimedia.org/wikipedia/commons/1/19/Flag_of_Andorra.svg,AD,AND,20,ISO 3166-2:AD,Europe,Southern Europe,,150,39,0
4,Angola,Flag_of_Angola.svg,https://upload.wikimedia.org/wikipedia/commons/9/9d/Flag_of_Angola.svg,AO,AGO,24,ISO 3166-2:AO,Africa,Sub-Saharan Africa,Middle Africa,2,202,17
5,Antigua and Barbuda,Flag_of_Antigua_and_Barbuda.svg,https://upload.wikimedia.org/wikipedia/commons/8/89/Flag_of_Antigua_and_Barbuda.svg,AG,ATG,28,ISO 3166-2:AG,Americas,Latin America and the Caribbean,Caribbean,19,419,29
6,Argentina,Flag_of_Argentina.svg,https://upload.wikimedia.org/wikipedia/commons/1/1a/Flag_of_Argentina.svg,AR,ARG,32,ISO 3166-2:AR,Americas,Latin America and the Caribbean,South America,19,419,5
7,Armenia,Flag_of_Armenia.svg,https://upload.wikimedia.org/wikipedia/commons/2/2f/Flag_of_Armenia.svg,AM,ARM,51,ISO 3166-2:AM,Asia,Western Asia,,142,145,0
8,Australia,Flag_of_Australia_%28converted%29.svg,https://upload.wikimedia.org/wikipedia/commons/8/88/Flag_of_Australia_%28converted%29.svg,AU,AUS,36,ISO 3166-2:AU,Oceania,Australia and New Zealand,,9,53,0
9,Austria,Flag_of_Austria.svg,https://upload.wikimedia.org/wikipedia/commons/4/41/Flag_of_Austria.svg,AT,AUT,40,ISO 3166-2:AT,Europe,Western Europe,,150,155,0
10,Azerbaijan,Flag_of_Azerbaijan.svg,https://upload.wikimedia.org/wikipedia/commons/d/dd/Flag_of_Azerbaijan.svg,AZ,AZE,31,ISO 3166-2:AZ,Asia,Western Asia,,142,145,0
11,Bahamas,Flag_of_the_Bahamas.svg,https://upload.wikimedia.org/wikipedia/commons/9/93/Flag_of_the_Bahamas.svg,BS,BHS,44,ISO 3166-2:BS,Americas,Latin America and the Caribbean,Caribbean,19,419,29
12,Bahrain,Flag_of_Bahrain.svg,https://upload.wikimedia.org/wikipedia/commons/2/2c/Flag_of_Bahrain.svg,BH,BHR,48,ISO 3166-2:BH,Asia,Western Asia,,142,145,0
13,Bangladesh,Flag_of_Bangladesh.svg,https://upload.wikimedia.org/wikipedia/commons/f/f9/Flag_of_Bangladesh.svg,BD,BGD,50,ISO 3166-2:BD,Asia,Southern Asia,,142,34,0
14,Barbados,Flag_of_Barbados.svg,https://upload.wikimedia.org/wikipedia/commons/e/ef/Flag_of_Barbados.svg,BB,BRB,52,ISO 3166-2:BB,Americas,Latin America and the Caribbean,Caribbean,19,419,29
15,Belarus,Flag_of_Belarus.svg,https://upload.wikimedia.org/wikipedia/commons/8/85/Flag_of_Belarus.svg,BY,BLR,112,ISO 3166-2:BY,Europe,Eastern Europe,,150,151,0
16,Belgium,Flag_of_Belgium_%28civil%29.svg,https://upload.wikimedia.org/wikipedia/commons/9/92/Flag_of_Belgium_%28civil%29.svg,BE,BEL,56,ISO 3166-2:BE,Europe,Western Europe,,150,155,0
17,Belize,Flag_of_Belize.svg,https://upload.wikimedia.org/wikipedia/commons/e/e7/Flag_of_Belize.svg,BZ,BLZ,84,ISO 3166-2:BZ,Americas,Latin America and the Caribbean,Central America,19,419,13
18,Benin,Flag_of_Benin.svg,https://upload.wikimedia.org/wikipedia/commons/0/0a/Flag_of_Benin.svg,BJ,BEN,204,ISO 3166-2:BJ,Africa,Sub-Saharan Africa,Western Africa,2,202,11
19,Bhutan,Flag_of_Bhutan.svg,https://upload.wikimedia.org/wikipedia/commons/9/91/Flag_of_Bhutan.svg,BT,BTN,64,ISO 3166-2:BT,Asia,Southern Asia,,142,34,0
20,Bolivia,Flag_of_Bolivia.svg,https://upload.wikimedia.org/wikipedia/commons/4/48/Flag_of_Bolivia.svg,BO,BOL,68,ISO 3166-2:BO,Americas,Latin America and the Caribbean,South America,19,419,5
21,Bosnia and Herzegovina,Flag_of_Bosnia_and_Herzegovina.svg,https://upload.wikimedia.org/wikipedia/commons/b/bf/Flag_of_Bosnia_and_Herzegovina.svg,,,0,,,,,0,0,0
22,Botswana,Flag_of_Botswana.svg,https://upload.wikimedia.org/wikipedia/commons/f/fa/Flag_of_Botswana.svg,BW,BWA,72,ISO 3166-2:BW,Africa,Sub-Saharan Africa,Southern Africa,2,202,18
23,Brazil,Flag_of_Brazil.svg,https://upload.wikimedia.org/wikipedia/en/0/05/Flag_of_Brazil.svg,BR,BRA,76,ISO 3166-2:BR,Americas,Latin America and the Caribbean,South America,19,419,5
24,Brunei,Flag_of_Brunei.svg,https://upload.wikimedia.org/wikipedia/commons/9/9c/Flag_of_Brunei.svg,,,0,,,,,0,0,0
25,Bulgaria,Flag_of_Bulgaria.svg,https://upload.wikimedia.org/wikipedia/commons/9/9a/Flag_of_Bulgaria.svg,BG,BGR,100,ISO 3166-2:BG,Europe,Eastern Europe,,150,151,0
26,Burkina Faso,Flag_of_Burkina_Faso.svg,https://upload.wikimedia.org/wikipedia/commons/3/31/Flag_of_Burkina_Faso.svg,BF,BFA,854,ISO 3166-2:BF,Africa,Sub-Saharan Africa,Western Africa,2,202,11
27,Burundi,Flag_of_Burundi.svg,https://upload.wikimedia.org/wikipedia/commons/5/50/Flag_of_Burundi.svg,BI,BDI,108,ISO 3166-2:BI,Africa,Sub-Saharan Africa,Eastern Africa,2,202,14
28,Cambodia,Flag_of_Cambodia.svg,https://upload.wikimedia.org/wikipedia/commons/8/83/Flag_of_Cambodia.svg,KH,KHM,116,ISO 3166-2:KH,Asia,South-eastern Asia,,142,35,0
29,Cameroon,Flag_of_Cameroon.svg,https://upload.wikimedia.org/wikipedia/commons/4/4f/Flag_of_Cameroon.svg,CM,CMR,120,ISO 3166-2:CM,Africa,Sub-Saharan Africa,Middle Africa,2,202,17
30,Canada,Flag_of_Canada.svg,https://upload.wikimedia.org/wikipedia/en/c/cf/Flag_of_Canada.svg,CA,CAN,124,ISO 3166-2:CA,Americas,Northern America,,19,21,0
31,Cape Verde,Flag_of_Cape_Verde.svg,https://upload.wikimedia.org/wikipedia/commons/3/38/Flag_of_Cape_Verde.svg,,,0,,,,,0,0,0
32,Central African Republic,Flag_of_the_Central_African_Republic.svg,https://upload.wikimedia.org/wikipedia/commons/6/6f/Flag_of_the_Central_African_Republic.svg,CF,CAF,140,ISO 3166-2:CF,Africa,Sub-Saharan Africa,Middle Africa,2,202,17
33,Chad,Flag_of_Chad.svg,https://upload.wikimedia.org/wikipedia/commons/4/4b/Flag_of_Chad.svg,TD,TCD,148,ISO 3166-2:TD,Africa,Sub-Saharan Africa,Middle Africa,2,202,17
34,Chile,Flag_of_Chile.svg,https://upload.wikimedia.org/wikipedia/commons/7/78/Flag_of_Chile.svg,CL,CHL,152,ISO 3166-2:CL,Americas,Latin America and the Caribbean,South America,19,419,5
35,China,Flag_of_the_People%27s_Republic_of_China.svg,https://upload.wikimedia.org/wikipedia/commons/f/fa/Flag_of_the_People%27s_Republic_of_China.svg,CN,CHN,156,ISO 3166-2:CN,Asia,Eastern Asia,,142,30,0
36,Colombia,Flag_of_Colombia.svg,https://upload.wikimedia.org/wikipedia/commons/2/21/Flag_of_Colombia.svg,CO,COL,170,ISO 3166-2:CO,Americas,Latin America and the Caribbean,South America,19,419,5
37,Comoros,Flag_of_the_Comoros.svg,https://upload.wikimedia.org/wikipedia/commons/9/94/Flag_of_the_Comoros.svg,KM,COM,174,ISO 3166-2:KM,Africa,Sub-Saharan Africa,Eastern Africa,2,202,14
38,Democratic Republic of Congo,Flag_of_the_Democratic_Republic_of_the_Congo.svg,https://upload.wikimedia.org/wikipedia/commons/6/6f/Flag_of_the_Democratic_Republic_of_the_Congo.svg,,,0,,,,,0,0,0
39,Republic of Congo,Flag_of_the_Republic_of_the_Congo.svg,https://upload.wikimedia.org/wikipedia/commons/9/92/Flag_of_the_Republic_of_the_Congo.svg,,,0,,,,,0,0,0
40,Costa Rica,Flag_of_Costa_Rica.svg,https://upload.wikimedia.org/wikipedia/commons/f/f2/Flag_of_Costa_Rica.svg,CR,CRI,188,ISO 3166-2:CR,Americas,Latin America and the Caribbean,Central America,19,419,13
41,Croatia,Flag_of_Croatia.svg,https://upload.wikimedia.org/wikipedia/commons/1/1b/Flag_of_Croatia.svg,HR,HRV,191,ISO 3166-2:HR,Europe,Southern Europe,,150,39,0
42,Cuba,Flag_of_Cuba.svg,https://upload.wikimedia.org/wikipedia/commons/b/bd/Flag_of_Cuba.svg,CU,CUB,192,ISO 3166-2:CU,Americas,Latin America and the Caribbean,Caribbean,19,419,29
43,Cyprus,Flag_of_Cyprus.svg,https://upload.wikimedia.org/wikipedia/commons/d/d4/Flag_of_Cyprus.svg,CY,CYP,196,ISO 3166-2:CY,Asia,Western Asia,,142,145,0
44,Czech Republic,Flag_of_the_Czech_Republic.svg,https://upload.wikimedia.org/wikipedia/commons/c/cb/Flag_of_the_Czech_Republic.svg,CZ,CZE,203,ISO 3166-2:CZ,Europe,Eastern Europe,,150,151,0
45,Denmark,Flag_of_Denmark.svg,https://upload.wikimedia.org/wikipedia/commons/9/9c/Flag_of_Denmark.svg,DK,DNK,208,ISO 3166-2:DK,Europe,Northern Europe,,150,154,0
46,Djibouti,Flag_of_Djibouti.svg,https://upload.wikimedia.org/wikipedia/commons/3/34/Flag_of_Djibouti.svg,DJ,DJI,262,ISO 3166-2:DJ,Africa,Sub-Saharan Africa,Eastern Africa,2,202,14
47,Dominica,Flag_of_Dominica.svg,https://upload.wikimedia.org/wikipedia/commons/c/c4/Flag_of_Dominica.svg,DM,DMA,212,ISO 3166-2:DM,Americas,Latin America and the Caribbean,Caribbean,19,419,29
48,Dominican Republic,Flag_of_the_Dominican_Republic.svg,https://upload.wikimedia.org/wikipedia/commons/9/9f/Flag_of_the_Dominican_Republic.svg,DO,DOM,214,ISO 3166-2:DO,Americas,Latin America and the Caribbean,Caribbean,19,419,29
49,East Timor,Flag_of_East_Timor.svg,https://upload.wikimedia.org/wikipedia/commons/2/26/Flag_of_East_Timor.svg,,,0,,,,,0,0,0
50,Ecuador,Flag_of_Ecuador.svg,https://upload.wikimedia.org/wikipedia/commons/e/e8/Flag_of_Ecuador.svg,EC,ECU,218,ISO 3166-2:EC,Americas,Latin America and the Caribbean,South America,19,419,5
51,Egypt,Flag_of_Egypt.svg,https://upload.wikimedia.org/wikipedia/commons/f/fe/Flag_of_Egypt.svg,EG,EGY,818,ISO 3166-2:EG,Africa,Northern Africa,,2,15,0
52,El Salvador,Flag_of_El_Salvador.svg,https://upload.wikimedia.org/wikipedia/commons/3/34/Flag_of_El_Salvador.svg,SV,SLV,222,ISO 3166-2:SV,Americas,Latin America and the Caribbean,Central America,19,419,13
53,Equatorial Guinea,Flag_of_Equatorial_Guinea.svg,https://upload.wikimedia.org/wikipedia/commons/3/31/Flag_of_Equatorial_Guinea.svg,GQ,GNQ,226,ISO 3166-2:GQ,Africa,Sub-Saharan Africa,Middle Africa,2,202,17
54,Eritrea,Flag_of_Eritrea.svg,https://upload.wikimedia.org/wikipedia/commons/2/29/Flag_of_Eritrea.svg,ER,ERI,232,ISO 3166-2:ER,Africa,Sub-Saharan Africa,Eastern Africa,2,202,14
55,Estonia,Flag_of_Estonia.svg,https://upload.wikimedia.org/wikipedia/commons/8/8f/Flag_of_Estonia.svg,EE,EST,233,ISO 3166-2:EE,Europe,Northern Europe,,150,154,0
56,Ethiopia,Flag_of_Ethiopia.svg,https://upload.wikimedia.org/wikipedia/commons/7/71/Flag_of_Ethiopia.svg,ET,ETH,231,ISO 3166-2:ET,Africa,Sub-Saharan Africa,Eastern Africa,2,202,14
57,Fiji,Flag_of_Fiji.svg,https://upload.wikimedia.org/wikipedia/commons/b/ba/Flag_of_Fiji.svg,FJ,FJI,242,ISO 3166-2:FJ,Oceania,Melanesia,,9,54,0
58,Finland,Flag_of_Finland.svg,https://upload.wikimedia.org/wikipedia/commons/b/bc/Flag_of_Finland.svg,FI,FIN,246,ISO 3166-2:FI,Europe,Northern Europe,,150,154,0
59,France,Flag_of_France.svg,https://upload.wikimedia.org/wikipedia/en/c/c3/Flag_of_France.svg,FR,FRA,250,ISO 3166-2:FR,Europe,Western Europe,,150,155,0
60,Gabon,Flag_of_Gabon.svg,https://upload.wikimedia.org/wikipedia/commons/0/04/Flag_of_Gabon.svg,GA,GAB,266,ISO 3166-2:GA,Africa,Sub-Saharan Africa,Middle Africa,2,202,17
61,The Gambia,Flag_of_The_Gambia.svg,https://upload.wikimedia.org/wikipedia/commons/7/77/Flag_of_The_Gambia.svg,,,0,,,,,0,0,0
62,Georgia,Flag_of_Georgia.svg,https://upload.wikimedia.org/wikipedia/commons/0/0f/Flag_of_Georgia.svg,GE,GEO,268,ISO 3166-2:GE,Asia,Western Asia,,142,145,0
63,Germany,Flag_of_Germany.svg,https://upload.wikimedia.org/wikipedia/en/b/ba/Flag_of_Germany.svg,DE,DEU,276,ISO 3166-2:DE,Europe,Western Europe,,150,155,0
64,Ghana,Flag_of_Ghana.svg,https://upload.wikimedia.org/wikipedia/commons/1/19/Flag_of_Ghana.svg,GH,GHA,288,ISO 3166-2:GH,Africa,Sub-Saharan Africa,Western Africa,2,202,11
65,Greece,Flag_of_Greece.svg,https://upload.wikimedia.org/wikipedia/commons/5/5c/Flag_of_Greece.svg,GR,GRC,300,ISO 3166-2:GR,Europe,Southern Europe,,150,39,0
66,Grenada,Flag_of_Grenada.svg,https://upload.wikimedia.org/wikipedia/commons/b/bc/Flag_of_Grenada.svg,GD,GRD,308,ISO 3166-2:GD,Americas,Latin America and the Caribbean,Caribbean,19,419,29
67,Guatemala,Flag_of_Guatemala.svg,https://upload.wikimedia.org/wikipedia/commons/e/ec/Flag_of_Guatemala.svg,GT,GTM,320,ISO 3166-2:GT,Americas,Latin America and the Caribbean,Central America,19,419,13
68,Guinea,Flag_of_Guinea.svg,https://upload.wikimedia.org/wikipedia/commons/e/ed/Flag_of_Guinea.svg,GN,GIN,324,ISO 3166-2:GN,Africa,Sub-Saharan Africa,Western Africa,2,202,11
69,Guinea-Bissau,Flag_of_Guinea-Bissau.svg,https://upload.wikimedia.org/wikipedia/commons/0/01/Flag_of_Guinea-Bissau.svg,,,0,,,,,0,0,0
70,Guyana,Flag_of_Guyana.svg,https://upload.wikimedia.org/wikipedia/commons/9/99/Flag_of_Guyana.svg,GY,GUY,328,ISO 3166-2:GY,Americas,Latin America and the Caribbean,South America,19,419,5
71,Haiti,Flag_of_Haiti.svg,https://upload.wikimedia.org/wikipedia/commons/5/56/Flag_of_Haiti.svg,HT,HTI,332,ISO 3166-2:HT,Americas,Latin America and the Caribbean,Caribbean,19,419,29
72,Honduras,Flag_of_Honduras.svg,https://upload.wikimedia.org/wikipedia/commons/8/82/Flag_of_Honduras.svg,HN,HND,340,ISO 3166-2:HN,Americas,Latin America and the Caribbean,Central America,19,419,13
73,Hungary,Flag_of_Hungary.svg,https://upload.wikimedia.org/wikipedia/commons/c/c1/Flag_of_Hungary.svg,HU,HUN,348,ISO 3166-2:HU,Europe,Eastern Europe,,150,151,0
74,Iceland,Flag_of_Iceland.svg,https://upload.wikimedia.org/wikipedia/commons/c/ce/Flag_of_Iceland.svg,IS,ISL,352,ISO 3166-2:IS,Europe,Northern Europe,,150,154,0
75,India,Flag_of_India.svg,https://upload.wikimedia.org/wikipedia/en/4/41/Flag_of_India.svg,IN,IND,356,ISO 3166-2:IN,Asia,Southern Asia,,142,34,0
76,Indonesia,Flag_of_Indonesia.svg,https://upload.wikimedia.org/wikipedia/commons/9/9f/Flag_of_Indonesia.svg,ID,IDN,360,ISO 3166-2:ID,Asia,South-eastern Asia,,142,35,0
77,Iran,Flag_of_Iran.svg,https://upload.wikimedia.org/wikipedia/commons/c/ca/Flag_of_Iran.svg,IR,IRN,364,ISO 3166-2:IR,Asia,Southern Asia,,142,34,0
78,Iraq,Flag_of_Iraq.svg,https://upload.wikimedia.org/wikipedia/commons/f/f6/Flag_of_Iraq.svg,IQ,IRQ,368,ISO 3166-2:IQ,Asia,Western Asia,,142,145,0
79,Ireland,Flag_of_Ireland.svg,https://upload.wikimedia.org/wikipedia/commons/4/45/Flag_of_Ireland.svg,IE,IRL,372,ISO 3166-2:IE,Europe,Northern Europe,,150,154,0
80,Israel,Flag_of_Israel.svg,https://upload.wikimedia.org/wikipedia/commons/d/d4/Flag_of_Israel.svg,IL,ISR,376,ISO 3166-2:IL,Asia,Western Asia,,142,145,0
81,Italy,Flag_of_Italy.svg,https://upload.wikimedia.org/wikipedia/en/0/03/Flag_of_Italy.svg,IT,ITA,380,ISO 3166-2:IT,Europe,Southern Europe,,150,39,0
82,Ivory Coast,Flag_of_C%C3%B4te_d%27Ivoire.svg,https://upload.wikimedia.org/wikipedia/commons/f/fe/Flag_of_C%C3%B4te_d%27Ivoire.svg,,,0,,,,,0,0,0
83,Jamaica,Flag_of_Jamaica.svg,https://upload.wikimedia.org/wikipedia/commons/0/0a/Flag_of_Jamaica.svg,JM,JAM,388,ISO 3166-2:JM,Americas,Latin America and the Caribbean,Caribbean,19,419,29
84,Japan,Flag_of_Japan.svg,https://upload.wikimedia.org/wikipedia/en/9/9e/Flag_of_Japan.svg,JP,JPN,392,ISO 3166-2:JP,Asia,Eastern Asia,,142,30,0
85,Jordan,Flag_of_Jordan.svg,https://upload.wikimedia.org/wikipedia/commons/c/c0/Flag_of_Jordan.svg,JO,JOR,400,ISO 3166-2:JO,Asia,Western Asia,,142,145,0
86,Kazakhstan,Flag_of_Kazakhstan.svg,https://upload.wikimedia.org/wikipedia/commons/d/d3/Flag_of_Kazakhstan.svg,KZ,KAZ,398,ISO 3166-2:KZ,Asia,Central Asia,,142,143,0
87,Kenya,Flag_of_Kenya.svg,https://upload.wikimedia.org/wikipedia/commons/4/49/Flag_of_Kenya.svg,KE,KEN,404,ISO 3166-2:KE,Africa,Sub-Saharan Africa,Eastern Africa,2,202,14
88,Kiribati,Flag_of_Kiribati.svg,https://upload.wikimedia.org/wikipedia/commons/d/d3/Flag_of_Kiribati.svg,KI,KIR,296,ISO 3166-2:KI,Oceania,Micronesia,,9,57,0
89,North Korea,Flag_of_North_Korea.svg,https://upload.wikimedia.org/wikipedia/commons/5/51/Flag_of_North_Korea.svg,,,0,,,,,0,0,0
90,South Korea,Flag_of_South_Korea.svg,https://upload.wikimedia.org/wikipedia/commons/0/09/Flag_of_South_Korea.svg,KP,PRK,408,ISO 3166-2:KP,Asia,Eastern Asia,,142,30,0
91,Kuwait,Flag_of_Kuwait.svg,https://upload.wikimedia.org/wikipedia/commons/a/aa/Flag_of_Kuwait.svg,KW,KWT,414,ISO 3166-2:KW,Asia,Western Asia,,142,145,0
92,Kyrgyzstan,Flag_of_Kyrgyzstan.svg,https://upload.wikimedia.org/wikipedia/commons/c/c7/Flag_of_Kyrgyzstan.svg,KG,KGZ,417,ISO 3166-2:KG,Asia,Central Asia,,142,143,0
93,Laos,Flag_of_Laos.svg,https://upload.wikimedia.org/wikipedia/commons/5/56/Flag_of_Laos.svg,LA,LAO,418,ISO 3166-2:LA,Asia,South-eastern Asia,,142,35,0
94,Latvia,Flag_of_Latvia.svg,https://upload.wikimedia.org/wikipedia/commons/8/84/Flag_of_Latvia.svg,LV,LVA,428,ISO 3166-2:LV,Europe,Northern Europe,,150,154,0
95,Lebanon,Flag_of_Lebanon.svg,https://upload.wikimedia.org/wikipedia/commons/5/59/Flag_of_Lebanon.svg,LB,LBN,422,ISO 3166-2:LB,Asia,Western Asia,,142,145,0
96,Lesotho,Flag_of_Lesotho.svg,https://upload.wikimedia.org/wikipedia/commons/4/4a/Flag_of_Lesotho.svg,LS,LSO,426,ISO 3166-2:LS,Africa,Sub-Saharan Africa,Southern Africa,2,202,18
97,Liberia,Flag_of_Liberia.svg,https://upload.wikimedia.org/wikipedia/commons/b/b8/Flag_of_Liberia.svg,LR,LBR,430,ISO 3166-2:LR,Africa,Sub-Saharan Africa,Western Africa,2,202,11
98,Libya,Flag_of_Libya.svg,https://upload.wikimedia.org/wikipedia/commons/0/05/Flag_of_Libya.svg,LY,LBY,434,ISO 3166-2:LY,Africa,Northern Africa,,2,15,0
99,Liechtenstein,Flag_of_Liechtenstein.svg,https://upload.wikimedia.org/wikipedia/commons/4/47/Flag_of_Liechtenstein.svg,LI,LIE,438,ISO 3166-2:LI,Europe,Western Europe,,150,155,0
100,Lithuania,Flag_of_Lithuania.svg,https://upload.wikimedia.org/wikipedia/commons/1/11/Flag_of_Lithuania.svg,LT,LTU,440,ISO 3166-2:LT,Europe,Northern Europe,,150,154,0
101,Luxembourg,Flag_of_Luxembourg.svg,https://upload.wikimedia.org/wikipedia/commons/d/da/Flag_of_Luxembourg.svg,LU,LUX,442,ISO 3166-2:LU,Europe,Western Europe,,150,155,0
102,Macedonia,Flag_of_Macedonia.svg,https://upload.wikimedia.org/wikipedia/commons/f/f8/Flag_of_Macedonia.svg,MK,MKD,807,ISO 3166-2:MK,Europe,Southern Europe,,150,39,0
103,Madagascar,Flag_of_Madagascar.svg,https://upload.wikimedia.org/wikipedia/commons/b/bc/Flag_of_Madagascar.svg,MG,MDG,450,ISO 3166-2:MG,Africa,Sub-Saharan Africa,Eastern Africa,2,202,14
104,Malawi,Flag_of_Malawi.svg,https://upload.wikimedia.org/wikipedia/commons/d/d1/Flag_of_Malawi.svg,MW,MWI,454,ISO 3166-2:MW,Africa,Sub-Saharan Africa,Eastern Africa,2,202,14
105,Malaysia,Flag_of_Malaysia.svg,https://upload.wikimedia.org/wikipedia/commons/6/66/Flag_of_Malaysia.svg,MY,MYS,458,ISO 3166-2:MY,Asia,South-eastern Asia,,142,35,0
106,Maldives,Flag_of_Maldives.svg,https://upload.wikimedia.org/wikipedia/commons/0/0f/Flag_of_Maldives.svg,MV,MDV,462,ISO 3166-2:MV,Asia,Southern Asia,,142,34,0
107,Mali,Flag_of_Mali.svg,https://upload.wikimedia.org/wikipedia/commons/9/92/Flag_of_Mali.svg,ML,MLI,466,ISO 3166-2:ML,Africa,Sub-Saharan Africa,Western Africa,2,202,11
108,Malta,Flag_of_Malta.svg,https://upload.wikimedia.org/wikipedia/commons/7/73/Flag_of_Malta.svg,MT,MLT,470,ISO 3166-2:MT,Europe,Southern Europe,,150,39,0
109,Marshall Islands,Flag_of_the_Marshall_Islands.svg,https://upload.wikimedia.org/wikipedia/commons/2/2e/Flag_of_the_Marshall_Islands.svg,MH,MHL,584,ISO 3166-2:MH,Oceania,Micronesia,,9,57,0
110,Mauritania,Flag_of_Mauritania.svg,https://upload.wikimedia.org/wikipedia/commons/4/43/Flag_of_Mauritania.svg,MR,MRT,478,ISO 3166-2:MR,Africa,Sub-Saharan Africa,Western Africa,2,202,11
111,Mauritius,Flag_of_Mauritius.svg,https://upload.wikimedia.org/wikipedia/commons/7/77/Flag_of_Mauritius.svg,MU,MUS,480,ISO 3166-2:MU,Africa,Sub-Saharan Africa,Eastern Africa,2,202,14
112,Mexico,Flag_of_Mexico.svg,https://upload.wikimedia.org/wikipedia/commons/f/fc/Flag_of_Mexico.svg,MX,MEX,484,ISO 3166-2:MX,Americas,Latin America and the Caribbean,Central America,19,419,13
113,Federated States of Micronesia,Flag_of_the_Federated_States_of_Micronesia.svg,https://upload.wikimedia.org/wikipedia/commons/e/e4/Flag_of_the_Federated_States_of_Micronesia.svg,,,0,,,,,0,0,0
114,Moldova,Flag_of_Moldova.svg,https://upload.wikimedia.org/wikipedia/commons/2/27/Flag_of_Moldova.svg,MD,MDA,498,ISO 3166-2:MD,Europe,Eastern Europe,,150,151,0
115,Monaco,Flag_of_Monaco.svg,https://upload.wikimedia.org/wikipedia/commons/e/ea/Flag_of_Monaco.svg,MC,MCO,492,ISO 3166-2:MC,Europe,Western Europe,,150,155,0
116,Mongolia,Flag_of_Mongolia.svg,https://upload.wikimedia.org/wikipedia/commons/4/4c/Flag_of_Mongolia.svg,MN,MNG,496,ISO 3166-2:MN,Asia,Eastern Asia,,142,30,0
117,Montenegro,Flag_of_Montenegro.svg,https://upload.wikimedia.org/wikipedia/commons/6/64/Flag_of_Montenegro.svg,ME,MNE,499,ISO 3166-2:ME,Europe,Southern Europe,,150,39,0
118,Morocco,Flag_of_Morocco.svg,https://upload.wikimedia.org/wikipedia/commons/2/2c/Flag_of_Morocco.svg,MA,MAR,504,ISO 3166-2:MA,Africa,Northern Africa,,2,15,0
119,Mozambique,Flag_of_Mozambique.svg,https://upload.wikimedia.org/wikipedia/commons/d/d0/Flag_of_Mozambique.svg,MZ,MOZ,508,ISO 3166-2:MZ,Africa,Sub-Saharan Africa,Eastern Africa,2,202,14
120,Myanmar,Flag_of_Myanmar.svg,https://upload.wikimedia.org/wikipedia/commons/8/8c/Flag_of_Myanmar.svg,MM,MMR,104,ISO 3166-2:MM,Asia,South-eastern Asia,,142,35,0
121,Namibia,Flag_of_Namibia.svg,https://upload.wikimedia.org/wikipedia/commons/0/00/Flag_of_Namibia.svg,,NAM,516,ISO 3166-2:NA,Africa,Sub-Saharan Africa,Southern Africa,2,202,18
122,Nauru,Flag_of_Nauru.svg,https://upload.wikimedia.org/wikipedia/commons/3/30/Flag_of_Nauru.svg,NR,NRU,520,ISO 3166-2:NR,Oceania,Micronesia,,9,57,0
123,Nepal,Flag_of_Nepal.svg,https://upload.wikimedia.org/wikipedia/commons/9/9b/Flag_of_Nepal.svg,NP,NPL,524,ISO 3166-2:NP,Asia,Southern Asia,,142,34,0
124,Netherlands,Flag_of_the_Netherlands.svg,https://upload.wikimedia.org/wikipedia/commons/2/20/Flag_of_the_Netherlands.svg,NL,NLD,528,ISO 3166-2:NL,Europe,Western Europe,,150,155,0
125,New Zealand,Flag_of_New_Zealand.svg,https://upload.wikimedia.org/wikipedia/commons/3/3e/Flag_of_New_Zealand.svg,NZ,NZL,554,ISO 3166-2:NZ,Oceania,Australia and New Zealand,,9,53,0
126,Nicaragua,Flag_of_Nicaragua.svg,https://upload.wikimedia.org/wikipedia/commons/1/19/Flag_of_Nicaragua.svg,NI,NIC,558,ISO 3166-2:NI,Americas,Latin America and the Caribbean,Central America,19,419,13
127,Niger,Flag_of_Niger.svg,https://upload.wikimedia.org/wikipedia/commons/f/f4/Flag_of_Niger.svg,NE,NER,562,ISO 3166-2:NE,Africa,Sub-Saharan Africa,Western Africa,2,202,11
128,Nigeria,Flag_of_Nigeria.svg,https://upload.wikimedia.org/wikipedia/commons/7/79/Flag_of_Nigeria.svg,NG,NGA,566,ISO 3166-2:NG,Africa,Sub-Saharan Africa,Western Africa,2,202,11
129,Norway,Flag_of_Norway.svg,https://upload.wikimedia.org/wikipedia/commons/d/d9/Flag_of_Norway.svg,NO,NOR,578,ISO 3166-2:NO,Europe,Northern Europe,,150,154,0
130,Oman,Flag_of_Oman.svg,https://upload.wikimedia.org/wikipedia/commons/d/dd/Flag_of_Oman.svg,OM,OMN,512,ISO 3166-2:OM,Asia,Western Asia,,142,145,0
131,Pakistan,Flag_of_Pakistan.svg,https://upload.wikimedia.org/wikipedia/commons/3/32/Flag_of_Pakistan.svg,PK,PAK,586,ISO 3166-2:PK,Asia,Southern Asia,,142,34,0
132,Palau,Flag_of_Palau.svg,https://upload.wikimedia.org/wikipedia/commons/4/48/Flag_of_Palau.svg,PW,PLW,585,ISO 3166-2:PW,Oceania,Micronesia,,9,57,0
133,Palestine,Flag_of_Palestine.svg,https://upload.wikimedia.org/wikipedia/commons/0/00/Flag_of_Palestine.svg,,,0,,,,,0,0,0
134,Panama,Flag_of_Panama.svg,https://upload.wikimedia.org/wikipedia/commons/a/ab/Flag_of_Panama.svg,PA,PAN,591,ISO 3166-2:PA,Americas,Latin America and the Caribbean,Central America,19,419,13
135,Papua New Guinea,Flag_of_Papua_New_Guinea.svg,https://upload.wikimedia.org/wikipedia/commons/e/e3/Flag_of_Papua_New_Guinea.svg,PG,PNG,598,ISO 3166-2:PG,Oceania,Melanesia,,9,54,0
136,Paraguay,Flag_of_Paraguay.svg,https://upload.wikimedia.org/wikipedia/commons/2/27/Flag_of_Paraguay.svg,PY,PRY,600,ISO 3166-2:PY,Americas,Latin America and the Caribbean,South America,19,419,5
137,Peru,Flag_of_Peru.svg,https://upload.wikimedia.org/wikipedia/commons/c/cf/Flag_of_Peru.svg,PE,PER,604,ISO 3166-2:PE,Americas,Latin America and the Caribbean,South America,19,419,5
138,Philippines,Flag_of_the_Philippines.svg,https://upload.wikimedia.org/wikipedia/commons/9/99/Flag_of_the_Philippines.svg,PH,PHL,608,ISO 3166-2:PH,Asia,South-eastern Asia,,142,35,0
139,Poland,Flag_of_Poland.svg,https://upload.wikimedia.org/wikipedia/en/1/12/Flag_of_Poland.svg,PL,POL,616,ISO 3166-2:PL,Europe,Eastern Europe,,150,151,0
140,Portugal,Flag_of_Portugal.svg,https://upload.wikimedia.org/wikipedia/commons/5/5c/Flag_of_Portugal.svg,PT,PRT,620,ISO 3166-2:PT,Europe,Southern Europe,,150,39,0
141,Qatar,Flag_of_Qatar.svg,https://upload.wikimedia.org/wikipedia/commons/6/65/Flag_of_Qatar.svg,QA,QAT,634,ISO 3166-2:QA,Asia,Western Asia,,142,145,0
142,Romania,Flag_of_Romania.svg,https://upload.wikimedia.org/wikipedia/commons/7/73/Flag_of_Romania.svg,RO,ROU,642,ISO 3166-2:RO,Europe,Eastern Europe,,150,151,0
143,Russia,Flag_of_Russia.svg,https://upload.wikimedia.org/wikipedia/en/f/f3/Flag_of_Russia.svg,RU,RUS,643,ISO 3166-2:RU,Europe,Eastern Europe,,150,151,0
144,Rwanda,Flag_of_Rwanda.svg,https://upload.wikimedia.org/wikipedia/commons/1/17/Flag_of_Rwanda.svg,RW,RWA,646,ISO 3166-2:RW,Africa,Sub-Saharan Africa,Eastern Africa,2,202,14
145,Saint Kitts and Nevis,Flag_of_Saint_Kitts_and_Nevis.svg,https://upload.wikimedia.org/wikipedia/commons/f/fe/Flag_of_Saint_Kitts_and_Nevis.svg,KN,KNA,659,ISO 3166-2:KN,Americas,Latin America and the Caribbean,Caribbean,19,419,29
146,Saint Lucia,Flag_of_Saint_Lucia.svg,https://upload.wikimedia.org/wikipedia/commons/9/9f/Flag_of_Saint_Lucia.svg,LC,LCA,662,ISO 3166-2:LC,Americas,Latin America and the Caribbean,Caribbean,19,419,29
147,Saint Vincent and Grenadines,Flag_of_Saint_Vincent_and_the_Grenadines.svg,https://upload.wikimedia.org/wikipedia/commons/6/6d/Flag_of_Saint_Vincent_and_the_Grenadines.svg,,,0,,,,,0,0,0
148,Samoa,Flag_of_Samoa.svg,https://upload.wikimedia.org/wikipedia/commons/3/31/Flag_of_Samoa.svg,WS,WSM,882,ISO 3166-2:WS,Oceania,Polynesia,,9,61,0
149,San Marino,Flag_of_San_Marino.svg,https://upload.wikimedia.org/wikipedia/commons/b/b1/Flag_of_San_Marino.svg,SM,SMR,674,ISO 3166-2:SM,Europe,Southern Europe,,150,39,0
150,Sao Tome and Principe,Flag_of_Sao_Tome_and_Principe.svg,https://upload.wikimedia.org/wikipedia/commons/4/4f/Flag_of_Sao_Tome_and_Principe.svg,ST,STP,678,ISO 3166-2:ST,Africa,Sub-Saharan Africa,Middle Africa,2,202,17
151,Saudi Arabia,Flag_of_Saudi_Arabia.svg,https://upload.wikimedia.org/wikipedia/commons/0/0d/Flag_of_Saudi_Arabia.svg,SA,SAU,682,ISO 3166-2:SA,Asia,Western Asia,,142,145,0
152,Senegal,Flag_of_Senegal.svg,https://upload.wikimedia.org/wikipedia/commons/f/fd/Flag_of_Senegal.svg,SN,SEN,686,ISO 3166-2:SN,Africa,Sub-Saharan Africa,Western Africa,2,202,11
153,Serbia,Flag_of_Serbia.svg,https://upload.wikimedia.org/wikipedia/commons/f/ff/Flag_of_Serbia.svg,RS,SRB,688,ISO 3166-2:RS,Europe,Southern Europe,,150,39,0
154,Seychelles,Flag_of_Seychelles.svg,https://upload.wikimedia.org/wikipedia/commons/f/fc/Flag_of_Seychelles.svg,SC,SYC,690,ISO 3166-2:SC,Africa,Sub-Saharan Africa,Eastern Africa,2,202,14
155,Sierra Leone,Flag_of_Sierra_Leone.svg,https://upload.wikimedia.org/wikipedia/commons/1/17/Flag_of_Sierra_Leone.svg,SL,SLE,694,ISO 3166-2:SL,Africa,Sub-Saharan Africa,Western Africa,2,202,11
156,Singapore,Flag_of_Singapore.svg,https://upload.wikimedia.org/wikipedia/commons/4/48/Flag_of_Singapore.svg,SG,SGP,702,ISO 3166-2:SG,Asia,South-eastern Asia,,142,35,0
157,Slovakia,Flag_of_Slovakia.svg,https://upload.wikimedia.org/wikipedia/commons/e/e6/Flag_of_Slovakia.svg,SK,SVK,703,ISO 3166-2:SK,Europe,Eastern Europe,,150,151,0
158,Slovenia,Flag_of_Slovenia.svg,https://upload.wikimedia.org/wikipedia/commons/f/f0/Flag_of_Slovenia.svg,SI,SVN,705,ISO 3166-2:SI,Europe,Southern Europe,,150,39,0
159,Solomon Islands,Flag_of_the_Solomon_Islands.svg,https://upload.wikimedia.org/wikipedia/commons/7/74/Flag_of_the_Solomon_Islands.svg,SB,SLB,90,ISO 3166-2:SB,Oceania,Melanesia,,9,54,0
160,Somalia,Flag_of_Somalia.svg,https://upload.wikimedia.org/wikipedia/commons/a/a0/Flag_of_Somalia.svg,SO,SOM,706,ISO 3166-2:SO,Africa,Sub-Saharan Africa,Eastern Africa,2,202,14
161,South Africa,Flag_of_South_Africa.svg,https://upload.wikimedia.org/wikipedia/commons/a/af/Flag_of_South_Africa.svg,ZA,ZAF,710,ISO 3166-2:ZA,Africa,Sub-Saharan Africa,Southern Africa,2,202,18
162,South Sudan,Flag_of_South_Sudan.svg,https://upload.wikimedia.org/wikipedia/commons/7/7a/Flag_of_South_Sudan.svg,SS,SSD,728,ISO 3166-2:SS,Africa,Sub-Saharan Africa,Eastern Africa,2,202,14
163,Spain,Flag_of_Spain.svg,https://upload.wikimedia.org/wikipedia/en/9/9a/Flag_of_Spain.svg,ES,ESP,724,ISO 3166-2:ES,Europe,Southern Europe,,150,39,0
164,Sri Lanka,Flag_of_Sri_Lanka.svg,https://upload.wikimedia.org/wikipedia/commons/1/11/Flag_of_Sri_Lanka.svg,LK,LKA,144,ISO 3166-2:LK,Asia,Southern Asia,,142,34,0
165,Sudan,Flag_of_Sudan.svg,https://upload.wikimedia.org/wikipedia/commons/0/01/Flag_of_Sudan.svg,SD,SDN,729,ISO 3166-2:SD,Africa,Northern Africa,,2,15,0
166,Suriname,Flag_of_Suriname.svg,https://upload.wikimedia.org/wikipedia/commons/6/60/Flag_of_Suriname.svg,SR,SUR,740,ISO 3166-2:SR,Americas,Latin America and the Caribbean,South America,19,419,5
167,Swaziland,Flag_of_Swaziland.svg,https://upload.wikimedia.org/wikipedia/commons/1/1e/Flag_of_Swaziland.svg,,,0,,,,,0,0,0
168,Sweden,Flag_of_Sweden.svg,https://upload.wikimedia.org/wikipedia/en/4/4c/Flag_of_Sweden.svg,SE,SWE,752,ISO 3166-2:SE,Europe,Northern Europe,,150,154,0
169,Switzerland,Flag_of_Switzerland_%28Pantone%29.svg,https://upload.wikimedia.org/wikipedia/commons/0/08/Flag_of_Switzerland_%28Pantone%29.svg,CH,CHE,756,ISO 3166-2:CH,Europe,Western Europe,,150,155,0
170,Syria,Flag_of_Syria.svg,https://upload.wikimedia.org/wikipedia/commons/5/53/Flag_of_Syria.svg,SY,SYR,760,ISO 3166-2:SY,Asia,Western Asia,,142,145,0
171,Tajikistan,Flag_of_Tajikistan.svg,https://upload.wikimedia.org/wikipedia/commons/d/d0/Flag_of_Tajikistan.svg,TJ,TJK,762,ISO 3166-2:TJ,Asia,Central Asia,,142,143,0
172,Tanzania,Flag_of_Tanzania.svg,https://upload.wikimedia.org/wikipedia/commons/3/38/Flag_of_Tanzania.svg,TZ,TZA,834,ISO 3166-2:TZ,Africa,Sub-Saharan Africa,Eastern Africa,2,202,14
173,Thailand,Flag_of_Thailand.svg,https://upload.wikimedia.org/wikipedia/commons/a/a9/Flag_of_Thailand.svg,TH,THA,764,ISO 3166-2:TH,Asia,South-eastern Asia,,142,35,0
174,Togo,Flag_of_Togo.svg,https://upload.wikimedia.org/wikipedia/commons/6/68/Flag_of_Togo.svg,TG,TGO,768,ISO 3166-2:TG,Africa,Sub-Saharan Africa,Western Africa,2,202,11
175,Tonga,Flag_of_Tonga.svg,https://upload.wikimedia.org/wikipedia/commons/9/9a/Flag_of_Tonga.svg,TO,TON,776,ISO 3166-2:TO,Oceania,Polynesia,,9,61,0
176,Trinidad and Tobago,Flag_of_Trinidad_and_Tobago.svg,https://upload.wikimedia.org/wikipedia/commons/6/64/Flag_of_Trinidad_and_Tobago.svg,TT,TTO,780,ISO 3166-2:TT,Americas,Latin America and the Caribbean,Caribbean,19,419,29
177,Tunisia,Flag_of_Tunisia.svg,https://upload.wikimedia.org/wikipedia/commons/c/ce/Flag_of_Tunisia.svg,TN,TUN,788,ISO 3166-2:TN,Africa,Northern Africa,,2,15,0
178,Turkey,Flag_of_Turkey.svg,https://upload.wikimedia.org/wikipedia/commons/b/b4/Flag_of_Turkey.svg,TR,TUR,792,ISO 3166-2:TR,Asia,Western Asia,,142,145,0
179,Turkmenistan,Flag_of_Turkmenistan.svg,https://upload.wikimedia.org/wikipedia/commons/1/1b/Flag_of_Turkmenistan.svg,TM,TKM,795,ISO 3166-2:TM,Asia,Central Asia,,142,143,0
180,Tuvalu,Flag_of_Tuvalu.svg,https://upload.wikimedia.org/wikipedia/commons/3/38/Flag_of_Tuvalu.svg,TV,TUV,798,ISO 3166-2:TV,Oceania,Polynesia,,9,61,0
181,Uganda,Flag_of_Uganda.svg,https://upload.wikimedia.org/wikipedia/commons/4/4e/Flag_of_Uganda.svg,UG,UGA,800,ISO 3166-2:UG,Africa,Sub-Saharan Africa,Eastern Africa,2,202,14
182,Ukraine,Flag_of_Ukraine.svg,https://upload.wikimedia.org/wikipedia/commons/4/49/Flag_of_Ukraine.svg,UA,UKR,804,ISO 3166-2:UA,Europe,Eastern Europe,,150,151,0
183,United Arab Emirates,Flag_of_the_United_Arab_Emirates.svg,https://upload.wikimedia.org/wikipedia/commons/c/cb/Flag_of_the_United_Arab_Emirates.svg,AE,ARE,784,ISO 3166-2:AE,Asia,Western Asia,,142,145,0
184,United Kingdom,Flag_of_the_United_Kingdom.svg,https://upload.wikimedia.org/wikipedia/en/a/ae/Flag_of_the_United_Kingdom.svg,GB,GBR,826,ISO 3166-2:GB,Europe,Northern Europe,,150,154,0
185,United States,Flag_of_the_United_States.svg,https://upload.wikimedia.org/wikipedia/en/a/a4/Flag_of_the_United_States.svg,US,USA,840,ISO 3166-2:US,Americas,Northern America,,19,21,0
186,Uruguay,Flag_of_Uruguay.svg,https://upload.wikimedia.org/wikipedia/commons/f/fe/Flag_of_Uruguay.svg,UY,URY,858,ISO 3166-2:UY,Americas,Latin America and the Caribbean,South America,19,419,5
187,Uzbekistan,Flag_of_Uzbekistan.svg,https://upload.wikimedia.org/wikipedia/commons/8/84/Flag_of_Uzbekistan.svg,UZ,UZB,860,ISO 3166-2:UZ,Asia,Central Asia,,142,143,0
188,Vanuatu,Flag_of_Vanuatu.svg,https://upload.wikimedia.org/wikipedia/commons/b/bc/Flag_of_Vanuatu.svg,VU,VUT,548,ISO 3166-2:VU,Oceania,Melanesia,,9,54,0
189,Vatican City,Flag_of_the_Vatican_City.svg,https://upload.wikimedia.org/wikipedia/commons/0/00/Flag_of_the_Vatican_City.svg,,,0,,,,,0,0,0
190,Venezuela,Flag_of_Venezuela.svg,https://upload.wikimedia.org/wikipedia/commons/0/06/Flag_of_Venezuela.svg,VE,VEN,862,ISO 3166-2:VE,Americas,Latin America and the Caribbean,South America,19,419,5
191,Vietnam,Flag_of_Vietnam.svg,https://upload.wikimedia.org/wikipedia/commons/2/21/Flag_of_Vietnam.svg,VN,VNM,704,ISO 3166-2:VN,Asia,South-eastern Asia,,142,35,0
192,Yemen,Flag_of_Yemen.svg,https://upload.wikimedia.org/wikipedia/commons/8/89/Flag_of_Yemen.svg,YE,YEM,887,ISO 3166-2:YE,Asia,Western Asia,,142,145,0
193,Zambia,Flag_of_Zambia.svg,https://upload.wikimedia.org/wikipedia/commons/0/06/Flag_of_Zambia.svg,ZM,ZMB,894,ISO 3166-2:ZM,Africa,Sub-Saharan Africa,Eastern Africa,2,202,14
194,Zimbabwe,Flag_of_Zimbabwe.svg,https://upload.wikimedia.org/wikipedia/commons/6/6a/Flag_of_Zimbabwe.svg,ZW,ZWE,716,ISO 3166-2:ZW,Africa,Sub-Saharan Africa,Eastern Africa,2,202,14
195,Abkhazia,Flag_of_Abkhazia.svg,https://upload.wikimedia.org/wikipedia/commons/2/27/Flag_of_Abkhazia.svg,,,0,,,,,0,0,0
196,Artsakh,Flag_of_Artsakh.svg,https://upload.wikimedia.org/wikipedia/commons/3/3d/Flag_of_Artsakh.svg,,,0,,,,,0,0,0
197,Cook Islands,Flag_of_the_Cook_Islands.svg,https://upload.wikimedia.org/wikipedia/commons/3/35/Flag_of_the_Cook_Islands.svg,CK,COK,184,ISO 3166-2:CK,Oceania,Polynesia,,9,61,0
198,Kosovo,Flag_of_Kosovo.svg,https://upload.wikimedia.org/wikipedia/commons/1/1f/Flag_of_Kosovo.svg,,,0,,,,,0,0,0
199,Niue,Flag_of_Niue.svg,https://upload.wikimedia.org/wikipedia/commons/0/01/Flag_of_Niue.svg,NU,NIU,570,ISO 3166-2:NU,Oceania,Polynesia,,9,61,0
200,Turkish Republic of Northern Cyprus,Flag_of_the_Turkish_Republic_of_Northern_Cyprus.svg,https://upload.wikimedia.org/wikipedia/commons/1/1e/Flag_of_the_Turkish_Republic_of_Northern_Cyprus.svg,,,0,,,,,0,0,0
201,Sahrawi Arab Democratic Republic,Flag_of_the_Sahrawi_Arab_Democratic_Republic.svg,https://upload.wikimedia.org/wikipedia/commons/2/26/Flag_of_the_Sahrawi_Arab_Democratic_Republic.svg,,,0,,,,,0,0,0
202,Somaliland,Flag_of_Somaliland.svg,https://upload.wikimedia.org/wikipedia/commons/4/4d/Flag_of_Somaliland.svg,,,0,,,,,0,0,0
203,South Ossetia,Flag_of_South_Ossetia.svg,https://upload.wikimedia.org/wikipedia/commons/1/12/Flag_of_South_Ossetia.svg,,,0,,,,,0,0,0
204,Republic of China,Flag_of_the_Republic_of_China.svg,https://upload.wikimedia.org/wikipedia/commons/7/72/Flag_of_the_Republic_of_China.svg,,,0,,,,,0,0,0
205,Transnistria,Flag_of_Transnistria_%28state%29.svg,https://upload.wikimedia.org/wikipedia/commons/b/bc/Flag_of_Transnistria_%28state%29.svg,,,0,,,,,0,0,0
206,Åland Islands,,,AX,ALA,248,ISO 3166-2:AX,Europe,Northern Europe,,150,154,0
207,American Samoa,,,AS,ASM,16,ISO 3166-2:AS,Oceania,Polynesia,,9,61,0
208,Anguilla,,https://upload.wikimedia.org/wikipedia/commons/b/b4/Flag_of_Anguilla.svg,AI,AIA,660,ISO 3166-2:AI,Americas,Latin America and the Caribbean,Caribbean,19,419,29
209,Antarctica,,,AQ,ATA,10,ISO 3166-2:AQ,,,,0,0,0
210,Aruba,,,AW,ABW,533,ISO 3166-2:AW,Americas,Latin America and the Caribbean,Caribbean,19,419,29
211,Bermuda,,https://upload.wikimedia.org/wikipedia/commons/b/bf/Flag_of_Bermuda.svg,BM,BMU,60,ISO 3166-2:BM,Americas,Northern America,,19,21,0
212,"Bonaire, Sint Eustatius and Saba",,,BQ,BES,535,ISO 3166-2:BQ,Americas,Latin America and the Caribbean,Caribbean,19,419,29
213,Bosnia And Herzegovina,,,BA,BIH,70,ISO 3166-2:BA,Europe,Southern Europe,,150,39,0
214,Bouvet Island,,,BV,BVT,74,ISO 3166-2:BV,Americas,Latin America and the Caribbean,South America,19,419,5
215,British Indian Ocean Territory,,,IO,IOT,86,ISO 3166-2:IO,Africa,Sub-Saharan Africa,Eastern Africa,2,202,14
216,Brunei Darussalam,,,BN,BRN,96,ISO 3166-2:BN,Asia,South-eastern Asia,,142,35,0
217,Cabo Verde,,,CV,CPV,132,ISO 3166-2:CV,Africa,Sub-Saharan Africa,Western Africa,2,202,11
218,Cayman Islands,,https://upload.wikimedia.org/wikipedia/commons/0/0f/Flag_of_the_Cayman_Islands.svg,KY,CYM,136,ISO 3166-2:KY,Americas,Latin America and the Caribbean,Caribbean,19,419,29
219,Christmas Island,,,CX,CXR,162,ISO 3166-2:CX,Oceania,Australia and New Zealand,,9,53,0
220,Cocos (Keeling) Islands,,,CC,CCK,166,ISO 3166-2:CC,Oceania,Australia and New Zealand,,9,53,0
221,Congo,,,CG,COG,178,ISO 3166-2:CG,Africa,Sub-Saharan Africa,Middle Africa,2,202,17
222,Congo (Democratic Republic Of The),,,CD,COD,180,ISO 3166-2:CD,Africa,Sub-Saharan Africa,Middle Africa,2,202,17
223,Côte D'Ivoire,,,CI,CIV,384,ISO 3166-2:CI,Africa,Sub-Saharan Africa,Western Africa,2,202,11
224,Curaçao,,,CW,CUW,531,ISO 3166-2:CW,Americas,Latin America and the Caribbean,Caribbean,19,419,29
225,Eswatini,,,SZ,SWZ,748,ISO 3166-2:SZ,Africa,Sub-Saharan Africa,Southern Africa,2,202,18
226,Falkland Islands (Malvinas),,https://upload.wikimedia.org/wikipedia/commons/8/83/Flag_of_the_Falkland_Islands.svg,FK,FLK,238,ISO 3166-2:FK,Americas,Latin America and the Caribbean,South America,19,419,5
227,Faroe Islands,,,FO,FRO,234,ISO 3166-2:FO,Europe,Northern Europe,,150,154,0
228,French Guiana,,,GF,GUF,254,ISO 3166-2:GF,Americas,Latin America and the Caribbean,South America,19,419,5
229,French Polynesia,,,PF,PYF,258,ISO 3166-2:PF,Oceania,Polynesia,,9,61,0
230,French Southern Territories,,,TF,ATF,260,ISO 3166-2:TF,Africa,Sub-Saharan Africa,Eastern Africa,2,202,14
231,Gambia,,,GM,GMB,270,ISO 3166-2:GM,Africa,Sub-Saharan Africa,Western Africa,2,202,11
232,Gibraltar,,https://upload.wikimedia.org/wikipedia/commons/thumb/0/02/Flag_of_Gibraltar.svg/320px-Flag_of_Gibraltar.svg.png,GI,GIB,292,ISO 3166-2:GI,Europe,Southern Europe,,150,39,0
233,Greenland,,,GL,GRL,304,ISO 3166-2:GL,Americas,Northern America,,19,21,0
234,Guadeloupe,,,GP,GLP,312,ISO 3166-2:GP,Americas,Latin America and the Caribbean,Caribbean,19,419,29
235,Guam,,,GU,GUM,316,ISO 3166-2:GU,Oceania,Micronesia,,9,57,0
236,Guernsey,,,GG,GGY,831,ISO 3166-2:GG,Europe,Northern Europe,Channel Islands,150,154,830
237,Guinea Bissau,,,GW,GNB,624,ISO 3166-2:GW,Africa,Sub-Saharan Africa,Western Africa,2,202,11
238,Heard Island and McDonald Islands,,,HM,HMD,334,ISO 3166-2:HM,Oceania,Australia and New Zealand,,9,53,0
239,Holy See,,,VA,VAT,336,ISO 3166-2:VA,Europe,Southern Europe,,150,39,0
240,Hong Kong,,,HK,HKG,344,ISO 3166-2:HK,Asia,Eastern Asia,,142,30,0
241,Isle of Man,,https://upload.wikimedia.org/wikipedia/commons/b/bc/Flag_of_the_Isle_of_Man.svg,IM,IMN,833,ISO 3166-2:IM,Europe,Northern Europe,,150,154,0
242,Jersey,,https://upload.wikimedia.org/wikipedia/commons/1/1c/Flag_of_Jersey.svg,JE,JEY,832,ISO 3166-2:JE,Europe,Northern Europe,Channel Islands,150,154,830
243,"Korea, Republic of",,,KR,KOR,410,ISO 3166-2:KR,Asia,Eastern Asia,,142,30,0
244,Macao,,,MO,MAC,446,ISO 3166-2:MO,Asia,Eastern Asia,,142,30,0
245,Martinique,,,MQ,MTQ,474,ISO 3166-2:MQ,Americas,Latin America and the Caribbean,Caribbean,19,419,29
246,Mayotte,,,YT,MYT,175,ISO 3166-2:YT,Africa,Sub-Saharan Africa,Eastern Africa,2,202,14
247,Micronesia (Federated States of),,,FM,FSM,583,ISO 3166-2:FM,Oceania,Micronesia,,9,57,0
248,Montserrat,,,MS,MSR,500,ISO 3166-2:MS,Americas,Latin America and the Caribbean,Caribbean,19,419,29
249,New Caledonia,,,NC,NCL,540,ISO 3166-2:NC,Oceania,Melanesia,,9,54,0
250,Norfolk Island,,,NF,NFK,574,ISO 3166-2:NF,Oceania,Australia and New Zealand,,9,53,0
251,Northern Mariana Islands,,,MP,MNP,580,ISO 3166-2:MP,Oceania,Micronesia,,9,57,0
252,"Palestine, State of",,,PS,PSE,275,ISO 3166-2:PS,Asia,Western Asia,,142,145,0
253,Pitcairn,,,PN,PCN,612,ISO 3166-2:PN,Oceania,Polynesia,,9,61,0
254,Puerto Rico,,,PR,PRI,630,ISO 3166-2:PR,Americas,Latin America and the Caribbean,Caribbean,19,419,29
255,Réunion,,,RE,REU,638,ISO 3166-2:RE,Africa,Sub-Saharan Africa,Eastern Africa,2,202,14
256,Saint Barthélemy,,,BL,BLM,652,ISO 3166-2:BL,Americas,Latin America and the Caribbean,Caribbean,19,419,29
257,"Saint Helena, Ascension and Tristan da Cunha",,https://upload.wikimedia.org/wikipedia/commons/0/00/Flag_of_Saint_Helena.svg,SH,SHN,654,ISO 3166-2:SH,Africa,Sub-Saharan Africa,Western Africa,2,202,11
258,Saint Martin (French part),,,MF,MAF,663,ISO 3166-2:MF,Americas,Latin America and the Caribbean,Caribbean,19,419,29
259,Saint Pierre and Miquelon,,,PM,SPM,666,ISO 3166-2:PM,Americas,Northern America,,19,21,0
260,Saint Vincent and the Grenadines,,,VC,VCT,670,ISO 3166-2:VC,Americas,Latin America and the Caribbean,Caribbean,19,419,29
261,Sint Maarten (Dutch part),,,SX,SXM,534,ISO 3166-2:SX,Americas,Latin America and the Caribbean,Caribbean,19,419,29
262,South Georgia and the South Sandwich Islands,,,GS,SGS,239,ISO 3166-2:GS,Americas,Latin America and the Caribbean,South America,19,419,5
263,Svalbard and Jan Mayen,,,SJ,SJM,744,ISO 3166-2:SJ,Europe,Northern Europe,,150,154,0
264,Taiwan,,,TW,TWN,158,ISO 3166-2:TW,Asia,Eastern Asia,,142,30,0
265,Timor-Leste,,,TL,TLS,626,ISO 3166-2:TL,Asia,South-eastern Asia,,142,35,0
266,Tokelau,,,TK,TKL,772,ISO 3166-2:TK,Oceania,Polynesia,,9,61,0
267,Turks and Caicos Islands,,,TC,TCA,796,ISO 3166-2:TC,Americas,Latin America and the Caribbean,Caribbean,19,419,29
268,United States Minor Outlying Islands,,,UM,UMI,581,ISO 3166-2:UM,Oceania,Micronesia,,9,57,0
269,Virgin Islands (British),,,VG,VGB,92,ISO 3166-2:VG,Americas,Latin America and the Caribbean,Caribbean,19,419,29
270,Virgin Islands (U.S.),,,VI,VIR,850,ISO 3166-2:VI,Americas,Latin America and the Caribbean,Caribbean,19,419,29
271,Wallis and Futuna,,,WF,WLF,876,ISO 3166-2:WF,Oceania,Polynesia,,9,61,0
272,Western Sahara,,,EH,ESH,732,ISO 3166-2:EH,Africa,Northern Africa,,2,15,0
